<?xml version="1.0"?>
<doc>
  <assembly>
    <name>_NamespaceComments_</name>
  </assembly>
  <members>
    <member name="N:NRules">
      <summary>
        Contains types that implement runtime components of the rules engine.
      </summary>
    </member>
    <member name="N:NRules.AgendaFilters">
      <summary>
        Contains types that implement filtering of matched rules as part of rules engine execution.
      </summary>
    </member>
    <member name="N:NRules.Aggregators">
      <summary>
        Contains types that implement aggregation of facts as part of rules engine execution.
      </summary>
    </member>
    <member name="N:NRules.Diagnostics">
      <summary>
        Contains types that facilitate troubleshooting and monitoring of the rules engine execution.
      </summary>
    </member>
    <member name="N:NRules.Extensibility">
      <summary>
        Contains types that enable extensibility of the rules engine.
      </summary>
    </member>
    <member name="N:NRules.RuleModel">
      <summary>
        Contains types that represent rules in the canonical model form.
      </summary>
    </member>
    <member name="N:NRules.RuleModel.Builders">
      <summary>
        Contains types that allow building rules at runtime in the canonical model form.
      </summary>
    </member>
    <member name="N:NRules.Fluent">
      <summary>
        Contains types that allow loading internal DSL rules via reflection.
      </summary>
    </member>
    <member name="N:NRules.Fluent.Dsl">
      <summary>
        Contains types that allow specifying rules using internal DSL in C#.
      </summary>
    </member>
  </members>
</doc>